0x803d30,Name value,Description value,Character Number,Class (support viewer only),Portrait (Zero is Default),Mini Portrait (Zero is Default),Affinity,Units Screen Priority,Level,Base HP,Base Strength/Magic,Base Skill,Base Speed,Base Defense,Base Resistance,Base Luck,Constitution Bonus,Sword Level,Lance Level,Axe Level,Bow Level,Staff Level,Anima Level,Light Level,Dark Level,HP Growth,Strength/Magic Growth,Skill Growth,Speed Growth,Defense Growth,Magic Defense Growth,Luck Growth,***UNKNOWN*** (Zero),***UNKNOWN*** (Zero),***UNKNOWN*** (Zero),***UNKNOWN*** (Zero),***UNKNOWN*** (Zero),Character Ability 1,Character Ability 2,Character Ability 3,Character Ability 4,Supports Data Pointer,***UNKNOWN***,***UNKNOWN*** (Zero),***UNKNOWN*** (Zero),***UNKNOWN*** (Zero)
None,0x0,0x19,0x1b,0x0,0x1d,0x1f,0,0x0,33,0,35,0,37,0,39,0,0,41,0,43,0,45,0,47,0,0,49,0,51,0,5,4,0x2,0x4,0x1c,0x3,0x0,0x7,0xf0,0x1,0xf0,0x3018001,0x4,0x0,0x0,0x0
Void,Name_Void,Desc_Void,0x1,0x2,0x2,0x0,6,0x1,1,4,2,-1,-2,0,0,0,2,0,0,0,0,0,0,0,0,70,40,60,60,30,30,0,0x0,0x0,0x0,0x0,0x0,0x0,0x40,0x0,0x0,0,0x7,0x0,0x0,0x0
Tim,Name_Tim,Desc_Tim,0x2,0x7,0x7,0x0,7,0x3,1,1,2,2,2,2,5,1,2,0,0,DRank,0,0,0,0,0,75,50,55,45,45,25,40,0x0,0x0,0x0,0x0,0x0,0x0,0x0,0x0,0x0,0,0x3,0x0,0x0,0x0
Tam,Name_Tam,Desc_Tam,0x3,0x9,0x5,0x0,2,0x7,4,8,4,6,5,4,3,7,0,0,0,CRank,0,0,0,0,0,60,40,40,30,25,45,30,0x0,0x0,0x0,0x0,0x0,0x0,0x0,0x0,0x0,0,0x4,0x0,0x0,0x0
Jerome,Name_Jerome,Desc_Jerome,0x4,0x5,0x6a,0x0,6,0x6,1,-4,0,0,0,0,0,2,2,0,DRank,0,0,0,0,0,0,80,65,65,65,65,50,65,0x0,0x0,0x0,0x0,0x0,0x0,0x0,0x0,0x0,0,0x3,0x0,0x0,0x0
Leeroy,Name_Leeroy,Desc_Leeroy,0x5,0x45,0x14,0x0,7,0x8,3,8,5,8,7,-8,-3,0,0,ARank,ARank,0,0,0,0,0,0,70,40,50,40,25,25,20,0x0,0x0,0x0,0x0,0x0,0x0,0x0,0x0,0x0,0,0x4,0x0,0x0,0x0
Anna,Name_Anna,Desc_Anna,0x6,0x48,0x64,0x0,7,0x9,1,3,2,2,5,2,3,7,0,0,0,0,0,0,0,0,0,50,40,50,50,20,35,70,0x0,0x0,0x0,0x0,0x0,0x0,0x40,0x20,0x0,0,0xa,0x0,0x0,0x0
Bede,Name_Bede,Desc_Bede,0x7,0x45,0x9,0x0,3,0xa,3,1,4,18,2,2,0,8,0,0,0,0,0,0,0,0,0,45,60,60,50,15,60,40,0x0,0x0,0x0,0x0,0x0,0x0,0x0,0x0,0x0,0,0x5,0x0,0x0,0x0
Jay,Name_Jay,Desc_Jay,0x8,0x1a,0xf,0x0,1,0xb,5,4,3,4,7,2,0,4,1,0,0,0,121,0,0,0,0,70,35,10,60,25,5,50,0x0,0x0,0x0,0x0,0x0,0x0,0x0,0x0,0x0,0,0x7,0x0,0x0,0x0
Not Arch,Name_NotArch,Desc_NotArch,0x9,0xd,0xc,0x0,6,0xc,2,7,5,3,3,3,2,8,1,0,0,0,0,0,0,0,0,75,40,40,65,25,20,45,0x0,0x0,0x0,0x0,0x0,0x0,0x0,0x0,0x0,0,0x0,0x0,0x0,0x0
Kirsten,Name_Kirsten,Desc_Kirsten,0xa,0x3f,0xe,0x0,1,0xd,7,4,4,7,7,5,0,5,1,0,CRank,0,0,0,0,0,0,80,65,40,20,25,15,40,0x0,0x0,0x0,0x0,0x0,0x0,0x40,0x0,0x0,0,0x1,0x0,0x0,0x0
Bob,Name_Bob,Desc_Bob,0xb,0x1b,0x24,0x0,4,0x14,1,4,3,6,5,3,5,14,1,DRank,0,0,0,0,0,0,0,75,40,40,45,20,25,45,0x0,0x0,0x0,0x0,0x0,0x0,0x0,0x0,0x0,0,0x0,0x0,0x0,0x0
Roshea,Name_Roshea,Desc_Roshea,0xc,0x26,0x10,0x0,7,0xf,1,1,5,3,5,1,1,8,0,BRank,ARank,0,0,0,0,0,0,45,65,30,45,15,40,45,0x0,0x0,0x0,0x0,0x0,0x0,0x0,0x0,0x0,0,0x7,0x0,0x0,0x0
Prine,Name_Prine,Desc_Prine,0xd,0x4b,0x11,0x0,1,0x10,10,17,11,8,7,5,0,5,2,0,0,0,0,BRank,0,0,0,103,55,50,45,35,25,35,0x0,0x0,0x0,0x0,0x0,0x0,0x40,0x0,0x0,0,0xa,0x0,0x0,0x0
Edge,Name_Edge,Desc_Edge,0xe,0x1f,0x13,0x0,1,0x1f,9,10,7,6,5,7,0,2,1,CRank,0,0,0,0,0,0,0,85,55,40,45,25,15,35,0x0,0x0,0x0,0x0,0x0,0x0,0x0,0x0,0x0,0,0x0,0x0,0x0,0x0
Ephraim,0x220,0x27c,0xf,0x1,0x14,0x0,1,0x1,4,5,2,3,4,1,2,8,0,0,0,0,0,0,0,0,0,80,55,55,45,35,25,50,0x0,0x0,0x0,0x0,0x0,0x0,0x0,0x0,0x0,0,0x3,0x0,0x0,0x0
Samson,Name_Samson,Desc_Samson,0x10,0x2E,0x16,0x0,3,0x5,13,12,8,9,3,5,5,12,3,0,0,0,BRank,0,0,0,0,60,60,45,35,25,25,25,0x0,0x0,0x0,0x0,0x0,0x0,0x0,0x0,0x0,0,0x3,0x0,0x0,0x0
Arve,Name_Arve,Desc_Arve,0x11,0x2E,0x18,0x0,5,0x5,10,13,6,9,5,5,5,12,4,0,0,0,0,0,0,1,121,50,55,40,45,20,35,70,0x0,0x0,0x0,0x0,0x0,0x0,0x40,0x0,0x0,0,0x3,0x0,0x0,0x0
Tye,Name_Tye,Desc_Tye,0x12,0x4B,0x19,0x0,4,0x4,10,18,12,12,4,7,12,20,0,0,181,0,0,0,0,0,0,90,60,30,0,40,20,100,0x0,0x0,0x0,0x0,0x0,0x0,0x0,0x0,0x0,0,0x3,0x0,0x0,0x0
Celicia,Name_Celicia,Desc_Celicia,0x13,0x20,0x1a,0x0,7,0x13,1,21,9,5,10,8,9,12,0,0,0,0,0,0,0,0,0,35,35,30,40,25,45,70,0x0,0x0,0x0,0x0,0x0,0x0,0x40,0x0,0x0,0,0x7,0x0,0x0,0x0
Eevster,Name_Eevster,Desc_Eevster,0x14,0x4B,0x1b,0x0,4,0x4,18,7,7,9,13,7,8,18,3,0,0,0,0,181,0,0,0,90,50,40,40,35,25,255,0x0,0x0,0x0,0x0,0x0,0x0,0x40,0x0,0x0,0,0x3,0x0,0x0,0x0
Anna,Name_Anna,Desc_WyvAnna,0x15,0x4d,0x1c,0x0,1,0x16,15,10,5,3,7,5,3,14,1,0,121,0,0,0,0,0,0,40,35,30,40,40,45,80,0x0,0x0,0x0,0x0,0x0,0x0,0x40,0x20,0x0,0,0x7,0x0,0x0,0x0
Nikita,Name_Nikita,Desc_Nikita,0x16,0x14,0x2F,0x0,4,0x17,2,25,8,12,8,4,5,10,-1,CRank,CRank,BRank,0,0,0,0,0,80,35,60,45,25,25,70,0x0,0x0,0x0,0x0,0x0,0x0,0x0,0x0,0x0,0,0xc,0x0,0x0,0x0
Anna,Name_Anna,Desc_RogueAnna,0x17,0x27,0x56,0x0,7,0x18,2,10,9,15,11,3,5,17,1,0,0,0,0,0,0,0,0,30,40,50,40,25,35,170,0x0,0x0,0x0,0x0,0x0,0x0,0x40,0x20,0x0,0,0x6,0x0,0x0,0x0
Edgeworth,EdgeworthName,EdgeworthDesc,0x18,0x3e,0x21,0x0,6,0x19,2,2,2,2,4,0,0,5,0,0,0,0,0,0,0,0,0,50,45,40,35,15,40,50,0x0,0x0,0x0,0x0,0x0,0x0,0x80,0x0,0x0,0,0x5,0x0,0x0,0x0
Zigludo,ZigludoName,ZigludoDesc,0x19,0x4b,0x22,0x0,6,0x1b,1,3,8,5,7,3,3,12,0,0,0,0,0,0,0,0,0,105,70,60,35,40,135,65,0x0,0x0,0x0,0x0,0x0,0x0,0x0,0x0,0x0,0,0xb,0x0,0x0,0x0
Kaga,KagaName,KagaDesc,0x1a,0x43,0x23,0x0,2,0x1c,1,19,17,12,10,9,8,5,3,0,0,0,0,0,ARank,0,0,85,75,50,55,40,35,30,0x0,0x0,0x0,0x0,0x0,0x0,0x80,0x0,0x0,0,0x4,0x0,0x0,0x0
Doot,Name_Doot,Desc_Doot,0x1b,0x26,0x2c,0x0,7,0x1a,5,11,11,11,8,3,10,5,-2,0,0,0,0,0,71,0,0,30,85,40,70,25,15,50,0x0,0x0,0x0,0x0,0x0,0x0,0xc0,0x0,0x80,0,0x0,0x0,0x0,0x0
Celica,Name_Celica,Desc_Celica,0x1c,0x33,0x1d,0x0,5,0x1d,1,12,7,15,8,7,11,5,0,ERank,0,0,0,0,SRank,0,0,65,25,45,60,25,30,25,0x0,0x0,0x0,0x0,0x0,0x0,0xc0,0x0,0x0,0,0x0,0x0,0x0,0x0
Doowile,Name_Doowile,Desc_Doowile,0x1d,0x35,0x25,0x0,7,0x1e,8,14,19,12,10,12,6,18,8,0,0,0,0,0,0,0,0,85,55,40,30,45,30,40,0x0,0x0,0x0,0x0,0x0,0x0,0x0,0x0,0x0,0,0x4,0x0,0x0,0x0
Evil Florina,Name_EvilFlorina,Desc_EvilFlorina,0x1e,0x2E,0x26,0x0,3,0x22,13,15,6,7,9,8,7,15,5,0,0,0,0,0,0,0,BRank,45,75,65,60,25,50,40,0x0,0x0,0x0,0x0,0x0,0x0,0x40,0x0,0x80,0,0xc,0x0,0x0,0x0
Björn,Name_Bjoern,Desc_Bjoern,0x1f,0x2d,0x29,0x0,5,0x20,9,43,10,8,11,11,11,10,4,0,0,0,0,BRank,ARank,0,0,110,50,40,35,40,45,60,0x0,0x0,0x0,0x0,0x0,0x0,0x0,0x0,0x0,0,0x3,0x0,0x0,0x0
Jake,Name_Jake,Desc_Jake,0x20,0x13,0x2a,0x0,3,0x11,10,30,18,17,15,10,2,30,0,0,0,0,0,181,251,0,0,100,25,100,20,20,20,100,0x0,0x0,0x0,0x0,0x0,0x0,0x0,0x0,0x0,0,0x3,0x0,0x0,0x0
Marf,MarfName,MarfDesc,0x21,0x49,0x2b,0x0,2,0x23,1,7,6,6,8,5,8,12,1,0,0,0,0,0,0,0,0,70,40,50,60,20,50,30,0x0,0x0,0x0,0x0,0x0,0x0,0x0,0x0,0x0,0,0xa,0x0,0x0,0x0
Tiki,Name_Tiki,Desc_Tiki,0x22,0x48,0x2d,0x0,3,0x12,4,6,3,4,8,3,5,8,0,0,0,0,0,0,0,0,0,65,45,40,65,20,25,60,0x0,0x0,0x0,0x0,0x0,0x0,0x40,0x0,0x0,0,0xa,0x0,0x0,0x0
Lyon,0x234,0x28f,0x23,0x4f,0x46,0x0,4,0x24,14,26,13,9,6,14,11,4,0,0,0,0,0,0,0,0,0,85,50,55,55,45,55,30,0x0,0x0,0x0,0x0,0x0,0x0,0x0,0x0,0x0,0,0x0,0x0,0x0,0x0
Mark,Name_Mark,Desc_Mark,0x24,0x7,0x15,0x0,5,0x28,13,25,20,20,15,20,20,10,0,0,0,0,0,0,0,0,0,80,55,45,40,45,30,25,0x0,0x0,0x0,0x0,0x0,0x0,0x0,0x0,0x0,0x0,0x0,0x0,0x0,0x0
Glen,0x24a,0x2a4,0x25,0x21,0x4b,0x0,3,0x27,12,21,11,12,6,8,4,7,1,181,181,0,0,0,0,0,0,85,45,50,45,35,40,20,0x0,0x0,0x0,0x0,0x0,0x0,0x0,0x0,0x0,0,0x0,0x0,0x0,0x0
Selena,0x238,0x293,0x26,0x2a,0x3f,0x0,2,0x26,11,19,10,8,10,8,11,10,0,0,0,0,0,121,181,0,0,85,40,55,40,20,30,25,0x0,0x0,0x0,0x0,0x0,0x0,0x40,0x0,0x0,0,0x0,0x0,0x0,0x0
Valter,0x237,0x292,0x27,0x23,0x42,0x0,4,0x29,13,25,12,10,9,6,11,3,1,0,251,0,0,0,0,0,0,80,40,55,50,20,20,15,0x0,0x0,0x0,0x0,0x0,0x0,0x0,0x0,0x0,0,0x0,0x0,0x0,0x0
Riev,0x246,0x2a0,0x28,0x2b,0x48,0x0,5,0x2b,16,28,10,17,15,13,10,9,0,0,0,0,0,181,0,251,0,75,45,50,40,20,45,15,0x0,0x0,0x0,0x0,0x0,0x0,0x0,0x0,0x0,0,0x0,0x0,0x0,0x0
Caellach,0x244,0x29f,0x29,0x11,0x43,0x0,2,0x2a,12,25,13,5,3,7,11,14,2,181,0,181,0,0,0,0,0,85,50,45,45,30,20,20,0x0,0x0,0x0,0x0,0x0,0x0,0x0,0x0,0x0,0,0x0,0x0,0x0,0x0
Fado,0x25b,0x2b3,0x2a,0xb,0x51,0x0,1,0x2c,11,25,12,10,9,5,8,5,3,181,181,181,0,0,0,0,0,85,55,40,30,45,25,25,0x0,0x0,0x0,0x0,0x0,0x0,0x0,0x0,0x0,0,0x0,0x0,0x0,0x0
Ismaire,0x260,0x2b8,0x2b,0x16,0x56,0x0,3,0x2e,9,14,10,9,11,4,12,12,0,181,0,0,0,0,0,0,0,75,30,60,55,20,25,30,0x0,0x0,0x0,0x0,0x0,0x0,0x40,0x0,0x0,0,0x0,0x0,0x0,0x0
Hayden,0x25c,0x2b4,0x2c,0x1d,0x52,0x0,7,0x2d,10,16,10,8,8,6,9,17,1,181,0,0,181,0,0,0,0,70,40,45,45,25,25,40,0x0,0x0,0x0,0x0,0x0,0x0,0x0,0x0,0x0,0,0x0,0x0,0x0,0x0
0,0x212,0x26e,0x2d,0x2,0x2,0x0,6,0x1,1,0,0,0,0,0,0,5,0,1,0,0,0,0,0,0,0,70,40,60,60,30,30,60,0x0,0x0,0x0,0x0,0x0,0x0,0x40,0x0,0x0,0,0x7,0x0,0x0,0x0
0,0x267,0x0,0x2e,0x41,0x0,0x0,0,0x0,0,0,0,0,0,0,0,0,0,0,0,0,0,0,0,0,0,85,50,10,10,10,15,30,0x0,0x0,0x0,0x0,0x0,0x0,0x0,0x0,0x0,0,0x0,0x0,0x0,0x0
0,0x267,0x0,0x2f,0x41,0x0,0x0,0,0x0,0,0,0,0,0,0,0,0,0,0,0,0,0,0,0,0,0,85,50,10,10,10,15,30,0x0,0x0,0x0,0x0,0x0,0x0,0x0,0x0,0x0,0,0x0,0x0,0x0,0x0
Maeda (Ch20),Name_Maeda,Desc_Maeda,0x6e,0x7,0x48,0x0,5,0x0,13,25,11,11,7,6,8,6,1,181,181,0,0,0,0,0,0,60,20,30,35,15,15,25,0x0,0x0,0x0,0x0,0x0,0x0,0x80,0x0,0x0,0x0,0x0,0x0,0x0,0x0
0,0x267,0x0,0x31,0x41,0x0,0x0,0,0x0,0,0,0,0,0,0,0,0,0,0,0,0,0,0,0,0,0,85,50,10,10,10,15,30,0x0,0x0,0x0,0x0,0x0,0x0,0x0,0x0,0x0,0,0x0,0x0,0x0,0x0
0,0x267,0x0,0x32,0x41,0x0,0x0,0,0x0,0,0,0,0,0,0,0,0,0,0,0,0,0,0,0,0,0,85,50,10,10,10,15,30,0x0,0x0,0x0,0x0,0x0,0x0,0x0,0x0,0x0,0,0x0,0x0,0x0,0x0
0,0x267,0x0,0x33,0x41,0x0,0x0,0,0x0,0,0,0,0,0,0,0,0,0,0,0,0,0,0,0,0,0,85,50,10,10,10,15,30,0x0,0x0,0x0,0x0,0x0,0x0,0x0,0x0,0x0,0,0x0,0x0,0x0,0x0
0,0x267,0x0,0x34,0x41,0x0,0x0,0,0x0,0,0,0,0,0,0,0,0,0,0,0,0,0,0,0,0,0,85,50,10,10,10,15,30,0x0,0x0,0x0,0x0,0x0,0x0,0x0,0x0,0x0,0,0x0,0x0,0x0,0x0
0,0x267,0x0,0x35,0x41,0x0,0x0,0,0x0,0,0,0,0,0,0,0,0,0,0,0,0,0,0,0,0,0,85,50,10,10,10,15,30,0x0,0x0,0x0,0x0,0x0,0x0,0x0,0x0,0x0,0,0x0,0x0,0x0,0x0
0,0x267,0x0,0x36,0x41,0x0,0x0,0,0x0,0,0,0,0,0,0,0,0,0,0,0,0,0,0,0,0,0,85,50,10,10,10,15,30,0x0,0x0,0x0,0x0,0x0,0x0,0x0,0x0,0x0,0,0x0,0x0,0x0,0x0
0,0x267,0x0,0x37,0x41,0x0,0x0,0,0x0,0,0,0,0,0,0,0,0,0,0,0,0,0,0,0,0,0,85,50,10,10,10,15,30,0x0,0x0,0x0,0x0,0x0,0x0,0x0,0x0,0x0,0,0x0,0x0,0x0,0x0
0,0x267,0x0,0x38,0x41,0x0,0x0,0,0x0,0,0,0,0,0,0,0,0,0,0,0,0,0,0,0,0,0,85,50,10,10,10,15,30,0x0,0x0,0x0,0x0,0x0,0x0,0x0,0x0,0x0,0,0x0,0x0,0x0,0x0
0,0x267,0x0,0x39,0x41,0x0,0x0,0,0x0,0,0,0,0,0,0,0,0,0,0,0,0,0,0,0,0,0,85,50,10,10,10,15,30,0x0,0x0,0x0,0x0,0x0,0x0,0x0,0x0,0x0,0,0x0,0x0,0x0,0x0
0,0x267,0x0,0x3a,0x41,0x0,0x0,0,0x0,0,0,0,0,0,0,0,0,0,0,0,0,0,0,0,0,0,85,50,10,10,10,15,30,0x0,0x0,0x0,0x0,0x0,0x0,0x0,0x0,0x0,0,0x0,0x0,0x0,0x0
Lyon's Summon,0x2f1,0x33d,0x3b,0x7,0x0,0x7,5,0x25,1,0,3,2,3,0,0,20,0,0,0,71,0,0,0,0,0,0,60,45,30,0,0,60,0x0,0x0,0x0,0x0,0x0,0x0,0x0,0x0,0x0,0,0x0,0x0,0x0,0x0
0,0x26d,0x32e,0x3c,0x31,0x0,0x0,0,0x0,18,0,0,0,0,0,0,0,0,0,0,0,0,1,0,0,71,50,30,35,32,8,40,45,0x0,0x0,0x0,0x0,0x0,0x0,0x0,0x0,0x0,0,0x0,0x0,0x0,0x0
0,0x26c,0x32e,0x3d,0x31,0x0,0x0,0,0x0,9,0,0,0,0,0,0,0,0,0,0,0,0,1,0,0,71,50,30,35,32,8,40,45,0x0,0x0,0x0,0x0,0x0,0x0,0x0,0x0,0x0,0,0x0,0x0,0x0,0x0
Knoll's Summon,0x2f1,0x33d,0x3e,0x7,0x0,0x7,5,0x21,1,0,2,1,2,0,0,10,0,0,0,71,0,0,0,0,0,0,50,50,40,0,0,55,0x0,0x0,0x0,0x0,0x0,0x0,0x0,0x0,0x0,0,0x0,0x0,0x0,0x0
Ewan's Summon,0x2f1,0x33d,0x3f,0x7,0x0,0x7,5,0x1a,1,0,1,2,1,0,0,0,0,0,0,71,0,0,0,0,0,0,70,40,20,0,0,40,0x0,0x0,0x0,0x0,0x0,0x0,0x0,0x0,0x0,0,0x0,0x0,0x0,0x0
Lyon (Ch 17),0x234,LyonDesc,0x40,0x4f,0x4a,0x0,4,0x0,14,26,13,9,6,14,11,4,0,0,0,0,0,0,0,0,0,85,50,55,55,45,55,30,0x0,0x0,0x0,0x0,0x0,0x0,0x80,0x0,0x0,0,0x0,0x0,0x0,0x0
Morva (Ch 28),0x235,MorvaDesc,0x41,0x3b,0x49,0x1,3,0x0,18,42,16,10,11,3,7,7,0,0,0,0,0,0,0,0,0,150,100,90,70,160,80,30,0x0,0x0,0x0,0x0,0x0,0x0,0x80,0x0,0x0,0,0x0,0x0,0x0,0x0
Orson (Ch 27),0x236,Orson2Desc,0x42,0x7,0x45,0x0,5,0x0,3,11,8,9,4,5,4,4,1,0,0,0,0,0,0,0,0,80,55,45,40,45,30,25,0x0,0x0,0x0,0x0,0x0,0x0,0x80,0x0,0x0,0,0x0,0x0,0x0,0x0
Grit (Ch 15),Name_Grit,Desc_Grit,0x43,0x23,0x42,0x0,4,0x0,13,25,12,10,9,6,11,3,1,0,0,0,SRank,0,0,0,0,80,40,55,50,20,20,15,0x0,0x0,0x0,0x0,0x0,0x0,0x80,0x0,0x0,0,0x0,0x0,0x0,0x0
Gwendy (Ch 24),Name_Gwendy,Desc_Gwendy,0x44,0x2a,0x39,0x0,2,0x0,16,19,11,9,10,8,8,10,0,DRank,ARank,ARank,0,0,0,0,0,85,40,55,40,20,30,25,0x0,0x0,0x0,0x0,0x0,0x0,0xc0,0x0,0x0,0,0x0,0x0,0x0,0x0
Valter (Prologue),0x237,0x292,0x45,0x23,0x42,0x0,4,0x0,5,14,6,7,6,3,5,2,1,0,181,0,0,0,0,0,0,85,50,10,10,10,15,30,0x0,0x0,0x0,0x0,0x0,0x0,0x80,0x0,0x0,0,0x0,0x0,0x0,0x0
Breguet (Ch 1) (NPC civilian),0x239,Desc_Breguet,0x46,0x9,0x31,0x0,2,0x0,4,3,3,0,1,0,0,2,0,0,0,0,0,0,0,0,0,85,50,10,10,10,15,30,0x0,0x0,0x0,0x0,0x0,0x0,0x0,0x0,0x0,0,0x0,0x0,0x0,0x0
Bone (Ch 2),0x23a,BoneDesc,0x47,0x41,0x32,0x0,4,0x0,4,3,1,3,0,1,0,0,0,0,0,31,0,0,0,0,CRank,85,50,10,10,10,15,30,0x0,0x0,0x0,0x0,0x0,0x0,0x80,0x0,0x0,0,0x0,0x0,0x0,0x0
Jenkins (Ch 3),Name_Jenkins,Desc_Jenkins,0x48,0x41,0x33,0x0,1,0x0,6,5,3,4,2,2,2,1,0,0,ARank,0,0,0,0,0,0,85,50,10,10,10,15,30,0x0,0x0,0x0,0x0,0x0,0x0,0x80,0x0,0x0,0,0x0,0x0,0x0,0x0
Entombed (Ch 4),0x255,0x2b1,0x49,0x53,0x0,0x4,5,0x0,6,10,7,5,5,5,2,12,1,0,0,0,0,0,0,0,0,85,50,10,10,10,15,30,0x0,0x0,0x0,0x0,0x0,0x0,0x80,0x0,0x0,0x0,0x0,0x0,0x0,0x0
Saara (Ch 5),Name_Saara,Desc_Saara,0x4a,0x9,0x34,0x0,7,0x0,8,13,4,6,2,-4,3,4,0,ARank,0,0,0,0,0,0,0,85,50,10,10,10,15,30,0x0,0x0,0x0,0x0,0x0,0x0,0x80,0x0,0x0,0x0,0x0,0x0,0x0,0x0
Mr Bones (Ch 23),Name_MrBones,Desc_MrBones,0x4b,0x2d,0x36,0x0,1,0x0,10,12,8,7,4,3,5,7,0,0,0,0,0,0,0,0,71,85,50,10,10,10,15,30,0x0,0x0,0x0,0x0,0x0,0x0,0x80,0x0,0x0,0x0,0x0,0x0,0x0,0x0
Murray (Ch 7),0x23e,MurrayDesc,0x4c,0x5,0x37,0x0,6,0x0,12,12,3,7,5,1,6,7,0,ARank,121,0,0,0,0,0,0,85,50,10,10,10,15,30,0x0,0x0,0x0,0x0,0x0,0x0,0x80,0x0,0x0,0x0,0x0,0x0,0x0,0x0
Tirado (Ch 8),0x23f,TiradoDesc,0x4d,0xb,0x38,0x0,7,0x0,1,19,5,4,2,1,5,2,0,0,181,0,0,0,0,0,0,85,50,10,10,10,15,30,0x0,0x0,0x0,0x0,0x0,0x0,0x80,0x0,0x0,0x0,0x0,0x0,0x0,0x0
Selena (Ch 9),0x238,SelenaDesc,0x4e,0x40,0x3f,0x0,5,0x0,5,14,8,5,2,7,8,3,0,ARank,0,121,0,0,0,0,0,85,50,10,10,10,15,30,0x0,0x0,0x0,0x0,0x0,0x0,0x80,0x0,0x0,0x0,0x0,0x0,0x0,0x0
Pablo (Ch 10),0x241,PabloDesc,0x4f,0x27,0x3a,0x0,4,0x0,7,16,8,5,8,2,12,9,0,0,0,0,0,0,0,0,0,85,50,25,35,15,15,30,0x0,0x0,0x0,0x0,0x0,0x0,0x80,0x0,0x0,0x0,0x0,0x0,0x0,0x0
Macdaire (Ch 12) (now beran),0x248,BeranDesc,0x50,0x5e,0x3e,0x0,5,0x0,9,15,6,6,2,4,8,9,0,0,0,0,0,0,ARank,ARank,0,85,50,10,10,10,15,30,0x0,0x0,0x0,0x0,0x0,0x0,0x80,0x0,0x0,0x0,0x0,0x0,0x0,0x0
Aias (Ch 13),0x242,AiasDesc,0x51,0x35,0x3b,0x0,7,0x0,10,25,10,7,4,8,9,11,1,0,0,121,0,0,0,0,0,85,50,35,35,25,15,30,0x0,0x0,0x0,0x0,0x0,0x0,0x80,0x0,0x0,0x0,0x0,0x0,0x0,0x0
Carlyle (Ch 14),0x243,CarlyleDesc,0x52,0x15,0x3c,0x0,1,0x0,11,20,6,6,8,4,8,8,0,181,0,0,0,0,0,0,0,85,65,10,10,20,20,30,0x0,0x0,0x0,0x0,0x0,0x0,0x80,0x0,0x0,0x0,0x0,0x0,0x0,0x0
Caellach (Ch 26),0x244,CaellachDesc,0x53,0x11,0x43,0x0,2,0x0,12,25,13,5,3,7,11,14,2,181,0,251,0,0,0,0,0,85,50,45,45,30,20,20,0x0,0x0,0x0,0x0,0x0,0x0,0x80,0x0,0x0,0x0,0x0,0x0,0x0,0x0
Pablo (also Ch 13),0x241,Pablo2Desc,0x54,0x27,0x3a,0x0,4,0x0,7,14,8,5,8,2,12,9,0,0,0,0,0,0,0,0,0,85,50,10,10,10,15,30,0x0,0x0,0x0,0x0,0x0,0x0,0x80,0x0,0x0,0x0,0x0,0x0,0x0,0x0
0,0x267,0x0,0x55,0x41,0x0,0x3,0,0x0,1,0,0,0,0,0,0,0,0,0,0,0,0,0,0,0,0,85,50,10,10,10,15,30,0x0,0x0,0x0,0x0,0x0,0x0,0x80,0x0,0x0,0x0,0x0,0x0,0x0,0x0
Gorgon (Ch 18),0x255,0x2b1,0x56,0x61,0x0,0x4,5,0x0,15,25,10,11,7,5,12,3,0,0,0,0,0,0,0,0,181,85,65,20,40,15,40,30,0x0,0x0,0x0,0x0,0x0,0x0,0x80,0x0,0x0,0x0,0x0,0x0,0x0,0x0
Riev (Ch 19 & 20),0x246,0x2a0,0x57,0x2b,0x48,0x0,5,0x0,16,28,10,17,15,13,10,9,0,0,0,0,0,181,0,251,0,75,45,50,40,20,45,15,0x0,0x0,0x0,0x0,0x0,0x0,0x80,0x0,0x0,0x0,0x0,0x0,0x0,0x0
0,0x267,0x0,0x58,0x41,0x0,0x3,0,0x0,1,0,0,0,0,0,0,0,0,0,0,0,0,0,0,0,0,85,50,10,10,10,15,30,0x0,0x0,0x0,0x0,0x0,0x0,0x80,0x0,0x0,0x0,0x0,0x0,0x0,0x0
0,0x267,0x0,0x59,0x41,0x0,0x3,0,0x0,1,0,0,0,0,0,0,0,0,0,0,0,0,0,0,0,0,85,50,10,10,10,15,30,0x0,0x0,0x0,0x0,0x0,0x0,0x80,0x0,0x0,0x0,0x0,0x0,0x0,0x0
Gheb (Ch 12),0x247,GhebDesc,0x5a,0x40,0x3d,0x0,2,0x0,5,17,10,3,-2,5,5,1,5,ARank,0,181,0,0,0,0,0,85,50,10,10,10,15,30,0x0,0x0,0x0,0x0,0x0,0x0,0x80,0x0,0x0,0x0,0x0,0x0,0x0,0x0
Beran (Ch 10B),0x248,0x2a2,0x5b,0x1d,0x3e,0x0,4,0x0,7,22,8,7,7,8,9,6,0,121,0,0,181,0,0,0,0,85,50,35,35,25,15,30,0x0,0x0,0x0,0x0,0x0,0x0,0x80,0x0,0x0,0x0,0x0,0x0,0x0,0x0
Cyclops (Ch 12B),0x255,0x2b1,0x5c,0x5a,0x0,0x4,5,0x0,9,18,7,3,3,2,10,0,0,0,0,0,0,0,0,0,0,85,50,35,35,25,15,30,0x0,0x0,0x0,0x0,0x0,0x0,0x80,0x0,0x0,0x0,0x0,0x0,0x0,0x0
Great Knight (Ch 11),0x255,Ch11BossDesc,0x5d,0x56,0x0,0x4,1,0x0,3,17,7,11,9,4,7,0,0,0,0,0,0,0,0,0,0,85,50,10,10,10,15,30,0x0,0x0,0x0,0x0,0x0,0x0,0x80,0x0,0x0,0x0,0x0,0x0,0x0,0x0
Deathgoyle (Ch 11B),0x255,0x2b1,0x5e,0x64,0x0,0x4,5,0x0,8,14,5,9,6,4,4,0,0,0,0,0,0,0,0,0,0,85,50,10,10,10,15,30,0x0,0x0,0x0,0x0,0x0,0x0,0x80,0x0,0x0,0x0,0x0,0x0,0x0,0x0
Entombed (Monster Boss),0x255,0x2b1,0x5f,0x53,0x0,0x4,5,0x0,1,7,2,2,1,2,2,1,0,0,0,0,0,0,0,0,0,85,50,35,35,15,15,30,0x0,0x0,0x0,0x0,0x0,0x0,0x80,0x0,0x0,0x0,0x0,0x0,0x0,0x0
Lyria (Ch20),LyriaName,LyriaDesc,0x60,Cleric,0x06,0x0,1,0x0,3,5,7,5,8,3,8,20,0,0,0,0,0,0,181,0,0,85,50,20,20,20,20,30,0x0,0x0,0x0,0x0,0x0,0x0,0x0,0x0,0x0,0x0,0x0,0x0,0x0,0x0
Meriah (Ch19),MeriahName,MeriahDesc,0x61,Mage_F,0x08,0x0,2,0x0,5,10,16,11,10,6,10,12,0,0,0,0,0,0,181,0,0,85,50,20,20,20,20,30,0x0,0x0,0x0,0x0,0x0,0x0,0x80,0x0,0x0,0x0,0x0,0x0,0x0,0x0
Plum (Ch20),PlumName,PlumDesc,0x62,Cleric,0x0A,0x0,3,0x0,5,9,12,6,6,4,15,23,0,0,0,0,0,0,181,0,0,85,50,20,20,20,20,30,0x0,0x0,0x0,0x0,0x0,0x0,0x0,0x0,0x0,0x0,0x0,0x0,0x0,0x0
Yuni (Ch20),YuniName,YuniDesc,0x63,Thief,0x1E,0x0,4,0x0,3,9,10,11,15,5,8,10,0,0,0,0,0,0,181,0,0,85,50,20,20,20,20,30,0x0,0x0,0x0,0x0,0x0,0xc,0x0,0x0,0x0,0x0,0x0,0x0,0x0,0x0
Hunter (Ch 16),0x250,0x2ac,0x64,0xd,0x0,0x6,0,0x0,1,0,0,0,0,0,0,0,0,0,0,0,0,0,0,0,0,85,50,10,10,10,15,30,0x0,0x0,0x0,0x0,0x0,0x0,0x0,0x0,0x0,0x0,0x0,0x0,0x0,0x0
0,0x24f,0x2ad,0x65,0x41,0x0,0x6,0,0x0,1,0,0,0,0,0,0,0,0,0,0,0,0,0,0,0,0,60,20,30,35,15,15,25,0x0,0x0,0x0,0x0,0x0,0x0,0x0,0x0,0x0,0x0,0x0,0x0,0x0,0x0
Ch27 Enemies,0x24f,0x2ad,0x66,0x41,0x4c,0x6,2,0x0,1,2,2,2,2,2,2,2,0,0,0,0,0,0,0,0,0,60,20,30,35,15,15,25,0x0,0x0,0x0,0x0,0x0,0x0,0x0,0x0,0x0,0x0,0x0,0x0,0x0,0x0
0,0x24f,0x2ad,0x67,0x41,0x4d,0x6,0,0x0,1,0,0,0,0,0,0,0,0,0,0,0,0,0,0,0,0,60,20,30,35,15,15,25,0x0,0x0,0x0,0x0,0x0,0x0,0x0,0x0,0x0,0x0,0x0,0x0,0x0,0x0
O'Neill (Prologue),0x249,ONeillDesc,0x68,0x3f,0x30,0x0,1,0x0,4,3,1,2,3,0,0,0,0,0,0,0,0,0,0,0,0,85,50,10,10,10,15,30,0x0,0x0,0x0,0x0,0x0,0x0,0x80,0x0,0x0,0x0,0x0,0x0,0x0,0x0
Glen (Ch 19),0x24a,0x2a4,0x69,0x21,0x4b,0x0,3,0x0,12,21,11,12,6,8,4,7,1,121,181,0,0,0,0,0,0,85,50,10,10,10,15,30,0x0,0x0,0x0,0x0,0x0,0x0,0x80,0x0,0x0,0x0,0x0,0x0,0x0,0x0
Zonta (Ch 6),0x24b,ZontaDesc,0x6a,0xf,0x35,0x0,6,0x0,8,7,5,0,1,2,6,4,0,0,0,0,0,0,0,0,ARank,85,50,10,10,10,15,30,0x0,0x0,0x0,0x0,0x0,0x0,0x80,0x0,0x0,0x0,0x0,0x0,0x0,0x0
Vigarde (Ch 18),0x24c,VigardeDesc,0x6b,0xb,0x40,0x0,7,0x0,13,31,13,10,8,7,9,9,2,0,0,181,0,0,0,0,0,85,50,10,10,10,15,30,0x0,0x0,0x0,0x0,0x0,0x0,0x80,0x0,0x0,0x0,0x0,0x0,0x0,0x0
Lyon (Ch Final),0x234,Lyon2Desc,0x6c,0x4f,0x4a,0x0,4,0x0,18,55,20,15,10,23,21,9,0,0,0,0,0,181,0,0,251,60,20,30,35,15,15,25,0x0,0x0,0x0,0x0,0x0,0x0,0x80,0x0,0x0,0x0,0x0,0x0,0x0,0x0
Orson (Ch 16),0x236,OrsonDesc,0x6d,0x7,0x44,0x0,5,0x0,13,25,11,11,7,6,8,6,1,181,0,ARank,0,0,0,0,0,60,20,30,35,15,15,25,0x0,0x0,0x0,0x0,0x0,0x0,0x80,0x0,0x0,0x0,0x0,0x0,0x0,0x0
Maeda(ch20),Name_Maeda,Desc_Maeda,0x6e,0x7,0x48,0x0,5,0x0,13,25,11,11,7,6,8,6,1,SRank,0,0,0,0,0,0,0,60,20,30,35,15,15,25,0x0,0x0,0x0,0x0,0x0,0x0,0x80,0x0,0x0,0x0,0x0,0x0,0x0,0x0
0,0x267,0x0,0x6f,0x41,0x0,0x0,0,0x0,0,0,0,0,0,0,0,0,0,0,0,0,0,0,0,0,0,60,20,30,35,15,15,25,0x0,0x0,0x0,0x0,0x0,0x0,0x0,0x0,0x0,0x0,0x0,0x0,0x0,0x0
0,0x267,0x0,0x70,0x41,0x0,0x0,0,0x0,0,0,0,0,0,0,0,0,0,0,0,0,0,0,0,0,0,60,20,30,35,15,15,25,0x0,0x0,0x0,0x0,0x0,0x0,0x0,0x0,0x0,0x0,0x0,0x0,0x0,0x0
0,0x267,0x0,0x71,0x41,0x0,0x0,0,0x0,0,0,0,0,0,0,0,0,0,0,0,0,0,0,0,0,0,60,20,30,35,15,15,25,0x0,0x0,0x0,0x0,0x0,0x0,0x0,0x0,0x0,0x0,0x0,0x0,0x0,0x0
0,0x267,0x0,0x72,0x41,0x0,0x0,0,0x0,0,0,0,0,0,0,0,0,0,0,0,0,0,0,0,0,0,60,20,30,35,15,15,25,0x0,0x0,0x0,0x0,0x0,0x0,0x0,0x0,0x0,0x0,0x0,0x0,0x0,0x0
0,0x267,0x0,0x73,0x41,0x0,0x0,0,0x0,0,0,0,0,0,0,0,0,0,0,0,0,0,0,0,0,0,60,20,30,35,15,15,25,0x0,0x0,0x0,0x0,0x0,0x0,0x0,0x0,0x0,0x0,0x0,0x0,0x0,0x0
0,0x267,0x0,0x74,0x41,0x0,0x0,0,0x0,0,0,0,0,0,0,0,0,0,0,0,0,0,0,0,0,0,60,20,30,35,15,15,25,0x0,0x0,0x0,0x0,0x0,0x0,0x0,0x0,0x0,0x0,0x0,0x0,0x0,0x0
0,0x267,0x0,0x75,0x41,0x0,0x0,0,0x0,0,0,0,0,0,0,0,0,0,0,0,0,0,0,0,0,0,60,20,30,35,15,15,25,0x0,0x0,0x0,0x0,0x0,0x0,0x0,0x0,0x0,0x0,0x0,0x0,0x0,0x0
0,0x267,0x0,0x76,0x41,0x0,0x0,0,0x0,0,0,0,0,0,0,0,0,0,0,0,0,0,0,0,0,0,60,20,30,35,15,15,25,0x0,0x0,0x0,0x0,0x0,0x0,0x0,0x0,0x0,0x0,0x0,0x0,0x0,0x0
0,0x267,0x0,0x77,0x41,0x0,0x0,0,0x0,0,0,0,0,0,0,0,0,0,0,0,0,0,0,0,0,0,60,20,30,35,15,15,25,0x0,0x0,0x0,0x0,0x0,0x0,0x0,0x0,0x0,0x0,0x0,0x0,0x0,0x0
0,0x267,0x0,0x78,0x41,0x0,0x0,0,0x0,0,0,0,0,0,0,0,0,0,0,0,0,0,0,0,0,0,60,20,30,35,15,15,25,0x0,0x0,0x0,0x0,0x0,0x0,0x0,0x0,0x0,0x0,0x0,0x0,0x0,0x0
0,0x267,0x0,0x79,0x41,0x0,0x0,0,0x0,0,0,0,0,0,0,0,0,0,0,0,0,0,0,0,0,0,60,20,30,35,15,15,25,0x0,0x0,0x0,0x0,0x0,0x0,0x0,0x0,0x0,0x0,0x0,0x0,0x0,0x0
0,0x267,0x0,0x7a,0x41,0x0,0x0,0,0x0,0,0,0,0,0,0,0,0,0,0,0,0,0,0,0,0,0,60,20,30,35,15,15,25,0x0,0x0,0x0,0x0,0x0,0x0,0x0,0x0,0x0,0x0,0x0,0x0,0x0,0x0
0,0x267,0x0,0x7b,0x41,0x0,0x0,0,0x0,0,0,0,0,0,0,0,0,0,0,0,0,0,0,0,0,0,60,20,30,35,15,15,25,0x0,0x0,0x0,0x0,0x0,0x0,0x0,0x0,0x0,0x0,0x0,0x0,0x0,0x0
0,0x267,0x0,0x7c,0x41,0x0,0x0,0,0x0,0,0,0,0,0,0,0,0,0,0,0,0,0,0,0,0,0,60,20,30,35,15,15,25,0x0,0x0,0x0,0x0,0x0,0x0,0x0,0x0,0x0,0x0,0x0,0x0,0x0,0x0
0,0x267,0x0,0x7d,0x41,0x0,0x0,0,0x0,0,0,0,0,0,0,0,0,0,0,0,0,0,0,0,0,0,60,20,30,35,15,15,25,0x0,0x0,0x0,0x0,0x0,0x0,0x0,0x0,0x0,0x0,0x0,0x0,0x0,0x0
0,0x267,0x0,0x7e,0x41,0x0,0x0,0,0x0,0,0,0,0,0,0,0,0,0,0,0,0,0,0,0,0,0,60,20,30,35,15,15,25,0x0,0x0,0x0,0x0,0x0,0x0,0x0,0x0,0x0,0x0,0x0,0x0,0x0,0x0
Grado Soldier (Special),0x24d,0x2a9,0x7f,0x5,0x0,0x3,0,0x0,1,3,2,1,2,2,0,1,0,0,0,0,0,0,0,0,0,60,20,30,35,15,15,25,0x0,0x0,0x0,0x0,0x0,0x0,0x0,0x0,0x0,0x0,0x0,0x0,0x0,0x0
Donatenary Generic,GenericName,GenericDesc,0x80,0x3f,0x0,0x3,0,0x0,1,0,0,0,0,0,0,0,0,0,0,0,0,0,0,0,0,60,20,30,35,15,15,25,0x0,0x0,0x0,0x0,0x0,0x0,0x0,0x0,0x0,0x0,0x0,0x0,0x0,0x0
Basement Enemies,BasementName,EnemyBasementDesc,0x81,0x19,0x0,0x3,0,0x0,1,0,0,0,0,0,0,0,0,0,0,0,0,0,0,0,0,60,20,30,35,15,15,25,0x0,0x0,0x0,0x0,0x0,0x0,0x0,0x0,0x0,0x0,0x0,0x0,0x0,0x0
Grado Soldier 3,0x24d,GenericDesc,0x82,0x3f,0x0,0x3,0,0x0,1,2,0,-1,-3,3,0,0,0,0,0,0,0,0,0,0,0,60,20,30,35,15,15,25,0x0,0x0,0x0,0x0,0x0,0x0,0x0,0x0,0x0,0x0,0x0,0x0,0x0,0x0
Grado Soldier 4,0x24d,GenericDesc,0x83,0x4e,0x0,0x3,0,0x0,1,0,0,0,0,0,0,0,0,0,0,0,0,0,0,0,0,60,20,30,35,15,15,25,0x0,0x0,0x0,0x0,0x0,0x0,0x0,0x0,0x0,0x0,0x0,0x0,0x0,0x0
Grado Soldier 5,0x24d,GenericDesc,0x84,0x9,0x0,0x3,0,0x0,1,0,0,0,0,0,0,0,0,0,0,0,0,0,0,0,0,60,20,30,35,15,15,25,0x0,0x0,0x0,0x0,0x0,0x0,0x0,0x0,0x0,0x0,0x0,0x0,0x0,0x0
Grado Soldier 6,0x24d,GenericDesc,0x85,0x5,0x0,0x3,0,0x0,1,0,0,0,0,0,0,0,0,0,0,0,0,0,0,0,0,60,20,30,35,15,15,25,0x0,0x0,0x0,0x0,0x0,0x0,0x0,0x0,0x0,0x0,0x0,0x0,0x0,0x0
Grado Soldier 7,0x24d,GenericDesc,0x86,0x13,0x0,0x3,0,0x0,1,0,0,0,0,0,0,0,0,0,0,0,0,0,0,0,0,60,20,30,35,15,15,25,0x0,0x0,0x0,0x0,0x0,0x0,0x0,0x0,0x0,0x0,0x0,0x0,0x0,0x0
Grado Soldier 8,0x24d,GenericDesc,0x87,0xf,0x0,0x3,0,0x0,1,0,0,0,0,0,0,0,0,0,0,0,0,0,0,0,0,60,20,30,35,15,15,25,0x0,0x0,0x0,0x0,0x0,0x0,0x0,0x0,0x0,0x0,0x0,0x0,0x0,0x0
Grado Soldier 9,0x24d,GenericDesc,0x88,0xd,0x0,0x3,0,0x0,1,0,0,0,0,0,0,0,0,0,0,0,0,0,0,0,0,60,20,30,35,15,15,25,0x0,0x0,0x0,0x0,0x0,0x0,0x0,0x0,0x0,0x0,0x0,0x0,0x0,0x0
Grado Soldier 10 (Duessel's),0x24d,GenericDesc,0x89,0x25,0x0,0x3,0,0x0,1,0,0,0,0,0,0,0,0,0,0,0,0,0,0,0,0,60,20,30,35,15,15,25,0x0,0x0,0x0,0x0,0x0,0x0,0x0,0x0,0x0,0x0,0x0,0x0,0x0,0x0
Grado Soldier 11 (Duessel's),0x24d,GenericDesc,0x8a,0x44,0x0,0x3,0,0x0,1,0,0,0,0,0,0,0,0,0,0,0,0,0,0,0,0,60,20,30,35,15,15,25,0x0,0x0,0x0,0x0,0x0,0x0,0x0,0x0,0x0,0x0,0x0,0x0,0x0,0x0
Grado Soldier 12 (Duessel's),0x24d,GenericDesc,0x8b,0x2d,0x0,0x3,0,0x0,1,0,0,0,0,0,0,0,0,0,0,0,0,0,0,0,0,60,20,30,35,15,15,25,0x0,0x0,0x0,0x0,0x0,0x0,0x0,0x0,0x0,0x0,0x0,0x0,0x0,0x0
Grado Soldier 13,0x24d,GenericDesc,0x8c,0x4b,0x0,0x3,0,0x0,1,0,0,0,0,0,0,0,0,0,0,0,0,0,0,0,0,60,20,30,35,15,15,25,0x0,0x0,0x0,0x0,0x0,0x0,0x40,0x0,0x0,0x0,0x0,0x0,0x0,0x0
Grado Remnant 1 (Main),0x24e,0x2aa,0x8d,0x9,0x0,0x3,0,0x0,1,0,0,0,0,0,0,0,0,0,0,0,0,0,0,0,0,60,20,30,35,15,15,25,0x0,0x0,0x0,0x0,0x0,0x0,0x0,0x0,0x0,0x0,0x0,0x0,0x0,0x0
Cutthroat,0x254,0x2ae,0x8e,0x41,0x0,0x6,0,0x0,1,0,0,0,0,0,0,0,0,0,0,0,0,0,0,0,0,60,20,30,35,15,15,25,0x0,0x0,0x0,0x0,0x0,0x0,0x0,0x0,0x0,0x0,0x0,0x0,0x0,0x0
Grado Remnant 2 (Cutscene and C16 only?),0x24e,0x2aa,0x8f,0x5,0x0,0x3,0,0x0,1,0,0,0,0,0,0,0,0,0,0,0,0,0,0,0,0,60,20,30,35,15,15,25,0x0,0x0,0x0,0x0,0x0,0x0,0x0,0x0,0x0,0x0,0x0,0x0,0x0,0x0
Grado Remnant 3 (C16 only?),0x24e,0x2aa,0x90,0x2d,0x0,0x3,0,0x0,1,0,0,0,0,0,0,0,0,0,0,0,0,0,0,0,0,60,20,30,35,15,15,25,0x0,0x0,0x0,0x0,0x0,0x0,0x0,0x0,0x0,0x0,0x0,0x0,0x0,0x0
Ch10 Generics,GenericName,GenericDesc,0x91,0x25,0x0,0x3,0,0x0,1,0,0,0,0,0,0,0,0,0,0,0,0,0,0,0,0,60,20,30,35,15,15,25,0x0,0x0,0x0,0x0,0x0,0x0,0x0,0x0,0x0,0x0,0x0,0x0,0x0,0x0
Lennon,Name_Lennon,Desc_Lennon,0x92,0x0,0x0,0x3,0,0x0,20,28,18,21,15,8,14,4,3,0,0,0,0,0,0,0,0,60,20,30,35,15,15,25,0x0,0x0,0x0,0x0,0x0,0x0,0x80,0x0,0x0,0x0,0x0,0x0,0x0,0x0
Paul,Name_Paul,Desc_Paul,0x93,0x0,0x0,0x3,0,0x0,20,21,23,19,18,11,14,10,4,0,0,0,0,0,0,0,0,0,0,0,0,0,0,0,0,0,0,0,0,0,0x80,0,0,0,0,0,0,0
Ringo,Name_Ringo,Desc_Ringo,0x94,0x0,0x0,0x3,0,0x0,20,46,23,12,19,5,11,16,7,0,0,0,0,0,0,0,0,0,0,0,0,0,0,0,0,0,0,0,0,0,0x80,0,0,0,0,0,0,0
Harrison,Name_Harrison,Desc_Harrison,0x95,0x0,0x0,0x3,0,0x0,20,19,18,16,14,9,10,30,3,0,0,0,0,0,0,0,0,0,0,0,0,0,0,0,0,0,0,0,0,0,0x80,0,0,0,0,0,0,0
0,0x267,0x0,0x96,0x41,0x0,0x3,0,0x0,0,0,0,0,0,0,0,0,0,0,0,0,0,0,0,0,0,0,0,0,0,0,0,0,0x0,0x0,0x0,0x0,0x0,0x0,0x0,0x0,0x0,0x0,0x0,0x0,0x0,0x0
0,0x267,0x0,0x97,0x41,0x0,0x3,0,0x0,0,0,0,0,0,0,0,0,0,0,0,0,0,0,0,0,0,0,0,0,0,0,0,0,0x0,0x0,0x0,0x0,0x0,0x0,0x0,0x0,0x0,0x0,0x0,0x0,0x0,0x0
0,0x267,0x0,0x98,0x41,0x0,0x3,0,0x0,0,0,0,0,0,0,0,0,0,0,0,0,0,0,0,0,0,0,0,0,0,0,0,0,0x0,0x0,0x0,0x0,0x0,0x0,0x0,0x0,0x0,0x0,0x0,0x0,0x0,0x0
Ch8 Generics,GenericName,GenericDesc,0x99,0x41,0x0,0x3,0,0x0,0,0,0,0,0,0,0,0,0,0,0,0,0,0,0,0,0,0,0,0,0,0,0,0,0x0,0x0,0x0,0x0,0x0,0x0,0x0,0x0,0x0,0x0,0x0,0x0,0x0,0x0
Doma Faithful,DomaFaithfulName,DomaFaithfulDesc,0x9a,0x41,0x0,0x3,0,0x0,0,0,0,0,0,0,0,0,0,0,0,0,0,0,0,0,0,0,0,0,0,0,0,0,0x0,0x0,0x0,0x0,0x0,0x0,0x0,0x0,0x0,0x0,0x0,0x0,0x0,0x0
Wendy's Army,WendyGenericName,WendyGenericDesc,0x9b,0x41,0x0,0x3,0,0x0,0,0,0,0,0,0,0,0,0,0,0,0,0,0,0,0,0,0,0,0,0,0,0,0,0x0,0x0,0x0,0x0,0x0,0x0,0x0,0x0,0x0,0x0,0x0,0x0,0x0,0x0
0,0x267,0x0,0x9c,0x41,0x0,0x3,0,0x0,0,0,0,0,0,0,0,0,0,0,0,0,0,0,0,0,0,0,0,0,0,0,0,0,0x0,0x0,0x0,0x0,0x0,0x0,0x0,0x0,0x0,0x0,0x0,0x0,0x0,0x0
Ch28 Enemies,GenericName,GenericDesc,0x9d,0x41,0x0,0x3,0,0x0,0,0,0,0,0,0,0,0,0,0,0,0,0,0,0,0,0,0,0,0,0,0,0,0,0x0,0x0,0x0,0x0,0x0,0x0,0x0,0x0,0x0,0x0,0x0,0x0,0x0,0x0
0,0x267,0x0,0x9e,0x41,0x0,0x3,0,0x0,0,0,0,0,0,0,0,0,0,0,0,0,0,0,0,0,0,0,0,0,0,0,0,0,0x0,0x0,0x0,0x0,0x0,0x0,0x0,0x0,0x0,0x0,0x0,0x0,0x0,0x0
0,0x267,0x0,0x9f,0x41,0x0,0x3,0,0x0,0,0,0,0,0,0,0,0,0,0,0,0,0,0,0,0,0,0,0,0,0,0,0,0,0x0,0x0,0x0,0x0,0x0,0x0,0x0,0x0,0x0,0x0,0x0,0x0,0x0,0x0
0,0x267,0x0,0xa0,0x41,0x0,0x3,0,0x0,0,0,0,0,0,0,0,0,0,0,0,0,0,0,0,0,0,0,0,0,0,0,0,0,0x0,0x0,0x0,0x0,0x0,0x0,0x0,0x0,0x0,0x0,0x0,0x0,0x0,0x0
0,0x267,0x0,0xa1,0x41,0x0,0x3,0,0x0,0,0,0,0,0,0,0,0,0,0,0,0,0,0,0,0,0,0,0,0,0,0,0,0,0x0,0x0,0x0,0x0,0x0,0x0,0x0,0x0,0x0,0x0,0x0,0x0,0x0,0x0
0,0x267,0x0,0xa2,0x41,0x0,0x3,0,0x0,0,0,0,0,0,0,0,0,0,0,0,0,0,0,0,0,0,0,0,0,0,0,0,0,0x0,0x0,0x0,0x0,0x0,0x0,0x0,0x0,0x0,0x0,0x0,0x0,0x0,0x0
0,0x267,0x0,0xa3,0x41,0x0,0x3,0,0x0,0,0,0,0,0,0,0,0,0,0,0,0,0,0,0,0,0,0,0,0,0,0,0,0,0x0,0x0,0x0,0x0,0x0,0x0,0x0,0x0,0x0,0x0,0x0,0x0,0x0,0x0
0,0x267,0x0,0xa4,0x41,0x0,0x3,0,0x0,0,0,0,0,0,0,0,0,0,0,0,0,0,0,0,0,0,0,0,0,0,0,0,0,0x0,0x0,0x0,0x0,0x0,0x0,0x0,0x0,0x0,0x0,0x0,0x0,0x0,0x0
0,0x267,0x0,0xa5,0x41,0x0,0x3,0,0x0,0,0,0,0,0,0,0,0,0,0,0,0,0,0,0,0,0,0,0,0,0,0,0,0,0x0,0x0,0x0,0x0,0x0,0x0,0x0,0x0,0x0,0x0,0x0,0x0,0x0,0x0
0,0x267,0x0,0xa6,0x41,0x0,0x3,0,0x0,0,0,0,0,0,0,0,0,0,0,0,0,0,0,0,0,0,0,0,0,0,0,0,0,0x0,0x0,0x0,0x0,0x0,0x0,0x0,0x0,0x0,0x0,0x0,0x0,0x0,0x0
Maeda's Army,MaedaGenericName,MaedaGenericDesc,0xa7,0xf,0x0,0x6,0,0x0,1,0,0,0,0,0,0,0,0,0,0,0,0,0,0,0,0,60,20,30,35,15,15,25,0x0,0x0,0x0,0x0,0x0,0x0,0x0,0x0,0x0,0x0,0x0,0x0,0x0,0x0
Celica's Summons,CelicaSummonName,CelicaSummonDesc,0xa8,0xf,0x0,0x6,0,0x0,1,0,0,0,0,0,0,0,0,0,0,0,0,0,0,0,0,60,20,30,35,15,15,25,0x0,0x0,0x0,0x0,0x0,0x0,0x0,0x0,0x0,0x0,0x0,0x0,0x0,0x0
Ch23 Skeletons,SkeletonName,SkeletonDesc,0xa9,0xf,0x0,0x6,0,0x0,1,0,0,0,0,0,0,0,0,0,0,0,0,0,0,0,0,60,20,30,35,15,15,25,0x0,0x0,0x0,0x0,0x0,0x0,0x0,0x0,0x0,0x0,0x0,0x0,0x0,0x0
Doowile's Zombies,ZombieName,ZombieDesc,0xaa,0x52,0x0,0x4,5,0x0,1,0,0,0,0,0,0,0,0,0,0,0,0,0,0,0,0,60,20,30,35,15,15,25,0x0,0x0,0x0,0x0,0x0,0x0,0x0,0x0,0x0,0x0,0x0,0x0,0x0,0x0
Ch25 Monsters,0x255,0x2b1,0xab,0x53,0x0,0x4,5,0x0,1,0,0,0,0,0,0,0,0,0,0,0,0,0,0,0,0,60,20,30,35,15,15,25,0x0,0x0,0x0,0x0,0x0,0x0,0x0,0x0,0x0,0x0,0x0,0x0,0x0,0x0
Ch16 Monsters,0x255,0x2b1,0xac,0x54,0x0,0x4,5,0x0,1,10,4,8,4,4,4,0,5,0,0,0,0,0,0,0,0,60,20,30,35,15,15,25,0x0,0x0,0x0,0x0,0x0,0x0,0x0,0x0,0x0,0x0,0x0,0x0,0x0,0x0
Ch25 Mamkutes,Ch25DragonName,Ch25DragonDesc,0xad,0x55,0x0,0x4,5,0x0,1,0,0,0,0,0,0,0,0,0,0,0,0,0,0,0,0,60,20,30,35,15,15,25,0x0,0x0,0x0,0x0,0x0,0x0,0x0,0x0,0x0,0x0,0x0,0x0,0x0,0x0
Final Enemies,FinalMonsterName,FinalMonsterDesc,0xae,0x56,0x0,0x4,5,0x0,1,0,0,0,0,0,0,0,0,0,0,0,0,0,0,0,0,60,20,30,35,15,15,25,0x0,0x0,0x0,0x0,0x0,0x0,0x0,0x0,0x0,0x0,0x0,0x0,0x0,0x0
Monster,0x255,0x2b1,0xaf,0x57,0x0,0x4,5,0x0,1,0,0,0,0,0,0,0,0,0,0,0,0,0,0,0,0,60,20,30,35,15,15,25,0x0,0x0,0x0,0x0,0x0,0x0,0x0,0x0,0x0,0x0,0x0,0x0,0x0,0x0
Monster,0x255,0x2b1,0xb0,0x58,0x0,0x4,5,0x0,1,0,0,0,0,0,0,0,0,0,0,0,0,0,0,0,0,60,20,30,35,15,15,25,0x0,0x0,0x0,0x0,0x0,0x0,0x0,0x0,0x0,0x0,0x0,0x0,0x0,0x0
Monster,0x255,0x2b1,0xb1,0x59,0x0,0x4,5,0x0,1,0,0,0,0,0,0,0,0,0,0,0,0,0,0,0,0,60,20,30,35,15,15,25,0x0,0x0,0x0,0x0,0x0,0x0,0x0,0x0,0x0,0x0,0x0,0x0,0x0,0x0
Monster,0x255,0x2b1,0xb2,0x5a,0x0,0x4,5,0x0,1,0,0,0,0,0,0,0,0,0,0,0,0,0,0,0,0,60,20,30,35,15,15,25,0x0,0x0,0x0,0x0,0x0,0x0,0x0,0x0,0x0,0x0,0x0,0x0,0x0,0x0
Monster,0x255,0x2b1,0xb3,0x5b,0x0,0x4,5,0x0,1,0,0,0,0,0,0,0,0,0,0,0,0,0,0,0,0,60,20,30,35,15,15,25,0x0,0x0,0x0,0x0,0x0,0x0,0x0,0x0,0x0,0x0,0x0,0x0,0x0,0x0
Monster,0x255,0x2b1,0xb4,0x5c,0x0,0x4,5,0x0,1,0,0,0,0,0,0,0,0,0,0,0,0,0,0,0,0,60,20,30,35,15,15,25,0x0,0x0,0x0,0x0,0x0,0x0,0x0,0x0,0x0,0x0,0x0,0x0,0x0,0x0
Monster,0x255,0x2b1,0xb5,0x5d,0x0,0x4,5,0x0,1,0,0,0,0,0,0,0,0,0,0,0,0,0,0,0,0,60,20,30,35,15,15,25,0x0,0x0,0x0,0x0,0x0,0x0,0x0,0x0,0x0,0x0,0x0,0x0,0x0,0x0
Monster,0x255,0x2b1,0xb6,0x5e,0x0,0x4,5,0x0,1,0,0,0,0,0,0,0,0,0,0,0,0,0,0,0,0,60,20,30,35,15,15,25,0x0,0x0,0x0,0x0,0x0,0x0,0x0,0x0,0x0,0x0,0x0,0x0,0x0,0x0
Monster,0x255,0x2b1,0xb7,0x5f,0x0,0x4,5,0x0,1,0,0,0,0,0,0,0,0,0,0,0,0,0,0,0,0,60,20,30,35,15,15,25,0x0,0x0,0x0,0x0,0x0,0x0,0x0,0x0,0x0,0x0,0x0,0x0,0x0,0x0
Lunge Monster,FinalMonsterName,FinalMonsterDesc,0xb8,0x60,0x0,0x4,5,0x0,1,0,0,0,0,0,0,0,0,0,0,0,0,0,0,0,0,60,20,30,35,15,15,25,0x0,0x0,0x0,0x0,0x0,0x0,0x0,0x0,0x0,0x0,0x0,0x0,0x0,0x0
Final Dogs,FinalMonsterName,FinalMonsterDesc,0xb9,0x61,0x0,0x4,5,0x0,1,0,0,0,0,0,0,0,0,0,0,0,0,0,0,0,0,60,20,30,35,15,15,25,0x0,0x0,0x0,0x0,0x0,0x0,0x0,0x0,0x0,0x0,0x0,0x0,0x0,0x0
Monster,0x256,0x2b1,0xba,0x62,0x0,0x4,5,0x0,1,0,0,0,0,0,0,0,0,0,0,0,0,0,0,0,0,100,0,0,0,0,0,0,0x0,0x0,0x0,0x0,0x0,0x0,0x0,0x0,0x0,0x0,0x0,0x0,0x0,0x0
Monster,0x255,0x2b1,0xbb,0x63,0x0,0x4,5,0x0,1,0,0,0,0,0,0,0,0,0,0,0,0,0,0,0,0,60,20,30,35,15,15,25,0x0,0x0,0x0,0x0,0x0,0x0,0x0,0x0,0x0,0x0,0x0,0x0,0x0,0x0
Monster,0x255,0x2b1,0xbc,0x64,0x0,0x4,5,0x0,1,0,0,0,0,0,0,0,0,0,0,0,0,0,0,0,0,60,20,30,35,15,15,25,0x0,0x0,0x0,0x0,0x0,0x0,0x0,0x0,0x0,0x0,0x0,0x0,0x0,0x0
Ch17 Enemies,0x255,0x2b1,0xbd,0x65,0x0,0x1,5,0x0,1,0,0,0,0,0,0,0,0,0,0,0,0,0,0,0,0,60,20,30,35,15,15,25,0x0,0x0,0x0,0x0,0x0,0x0,0x0,0x0,0x0,0x0,0x0,0x0,0x0,0x0
Feditor,Name_Feditor,Desc_Feditor,0xbe,0x66,0x0,0x4,5,0x0,20,0,0,0,0,0,0,10,0,0,0,0,0,0,0,0,0,60,20,30,35,15,15,25,0x0,0x0,0x0,0x0,0x0,0x0,0x80,0x0,0x0,0x0,0x0,0x0,0x0,0x0
0,0x267,0x0,0xbf,0x41,0x0,0x0,0,0x0,1,0,0,0,0,0,0,0,0,0,0,0,0,0,0,0,0,0,0,0,0,0,0,0,0x0,0x0,0x0,0x0,0x0,0x0,0x0,0x0,0x0,0x0,0x0,0x0,0x0,0x0
Frelian,0x262,0x2ba,0xc0,0x13,0x0,0x2,0,0x0,1,0,0,0,0,0,0,0,0,0,0,0,0,0,0,0,0,85,40,50,45,25,25,20,0x0,0x0,0x0,0x0,0x0,0x0,0x0,0x0,0x0,0x0,0x0,0x0,0x0,0x0
Frelian,0x262,0x2ba,0xc1,0x5,0x0,0x2,0,0x0,1,0,0,0,0,0,0,0,0,0,0,0,0,0,0,0,0,85,40,50,45,25,25,20,0x0,0x0,0x0,0x0,0x0,0x0,0x0,0x0,0x0,0x0,0x0,0x0,0x0,0x0
0,0x267,0x0,0xc2,0x41,0x0,0x0,0,0x0,1,0,0,0,0,0,0,0,0,0,0,0,0,0,0,0,0,0,0,0,0,0,0,0,0x0,0x0,0x0,0x0,0x0,0x0,0x0,0x0,0x0,0x0,0x0,0x0,0x0,0x0
0,0x267,0x0,0xc3,0x41,0x0,0x0,0,0x0,1,0,0,0,0,0,0,0,0,0,0,0,0,0,0,0,0,0,0,0,0,0,0,0,0x0,0x0,0x0,0x0,0x0,0x0,0x0,0x0,0x0,0x0,0x0,0x0,0x0,0x0
not actually ch21 boss,0x267,0x0,0xc4,0x41,0x0,0x0,0,0x0,1,0,0,0,0,0,0,0,0,0,0,0,0,0,0,0,0,0,0,0,0,0,0,0,0x0,0x0,0x0,0x0,0x0,0x0,0x0,0x0,0x0,0x0,0x0,0x0,0x0,0x0
Tatara (Ch21),Name_Tatara,Desc_Tatara,0xc5,0x27,0x51,0x0,1,0x0,5,13,8,6,8,2,12,10,3,0,0,0,0,0,0,0,ARank,85,40,50,45,25,25,20,0x0,0x0,0x0,0x0,0x0,0x0,0x80,0x0,0x0,0x0,0x0,0x0,0x0,0x0
0,0x267,0x0,0xc6,0x41,0x0,0x0,0,0x0,1,0,0,0,0,0,0,0,0,0,0,0,0,0,0,0,0,0,0,0,0,0,0,0,0x0,0x0,0x0,0x0,0x0,0x0,0x0,0x0,0x0,0x0,0x0,0x0,0x0,0x0
Hayden (Frelia),0x25c,0x2b4,0xc7,0x73,0x52,0x0,7,0x0,1,0,0,0,0,0,0,0,1,0,0,0,0,0,0,0,0,85,40,50,45,25,25,20,0x0,0x0,0x0,0x0,0x0,0x0,0x0,0x0,0x0,0x0,0x0,0x0,0x0,0x0
Mansel,0x25e,0x25e,0xc8,0x7a,0x53,0x0,6,0x0,17,11,11,3,2,5,8,17,0,0,0,0,0,0,0,0,0,85,40,50,45,25,25,20,0x0,0x0,0x0,0x0,0x0,0x0,0x0,0x0,0x0,0x0,0x0,0x0,0x0,0x0
Edge's Ally (Ch. 9),Name_EdgeAlly,Desc_EdgeAlly,0xC9,Soldier,0x0,0x2,0x0,0x0,3,10,1,5,1,2,0,0,0,0,31,0,0,0,0,0,0,0,0,0,0,0,0,0,0x0,0x0,0x0,0x0,0x0,0x0,0x0,0x0,0x0,0x0,0x0,0x0,0x0,0x0
Banana (Ch25),Name_Banana,Desc_Banana,0xca,0x2f,0x55,0x0,5,0x0,1,18,10,10,2,0,10,30,10,0,SRank,SRank,0,0,0,0,0,85,40,50,45,25,25,20,0x0,0x0,0x0,0x0,0x0,0x0,0x80,0x0,0x0,0x0,0x0,0x0,0x0,0x0
Ismaire (Jehanna),0x260,0x2b8,0xcb,0x74,0x56,0x0,3,0x0,4,14,10,9,11,4,12,12,0,181,0,0,0,0,0,0,0,75,30,60,55,20,25,30,0x0,0x0,0x0,0x0,0x0,0x0,0x40,0x0,0x0,0x0,0x0,0x0,0x0,0x0
Blue Moon (Ch15),BlueMoonName,BlueMoonDesc,0xcc,0x48,0x0,0x3,3,0x0,1,0,0,0,0,0,0,0,0,0,0,0,0,0,0,0,0,85,40,50,45,25,25,20,0x0,0x0,0x0,0x0,0x0,0x0,0x40,0x0,0x0,0x0,0x0,0x0,0x0,0x0
Basement Allies,BasementName,AllyBasementDesc,0xcd,0x9,0x0,0x2,0,0x0,1,0,0,0,0,0,0,0,0,0,0,0,0,0,0,0,0,85,40,50,45,25,25,20,0x0,0x0,0x0,0x0,0x0,0x0,0x0,0x0,0x0,0x0,0x0,0x0,0x0,0x0
Ch19 Allies,Ch19AllyName,Ch19AllyDesc,0xce,0x9,0x0,0x2,0,0x0,1,0,0,0,0,0,0,0,0,0,0,0,0,0,0,0,0,85,40,50,45,25,25,20,0x0,0x0,0x0,0x0,0x0,0x0,0x0,0x0,0x0,0x0,0x0,0x0,0x0,0x0
(Untested Beyond this point),0x267,0x0,0xcf,0x41,0x0,0x0,0,0x0,0,0,0,0,0,0,0,0,0,0,0,0,0,0,0,0,0,0,0,0,0,0,0,0,0x0,0x0,0x0,0x0,0x0,0x0,0x0,0x0,0x0,0x0,0x0,0x0,0x0,0x0
0,0x267,0x0,0xd0,0x41,0x0,0x0,0,0x0,0,0,0,0,0,0,0,0,0,0,0,0,0,0,0,0,0,0,0,0,0,0,0,0,0x0,0x0,0x0,0x0,0x0,0x0,0x0,0x0,0x0,0x0,0x0,0x0,0x0,0x0
0,0x267,0x0,0xd1,0x41,0x0,0x0,0,0x0,0,0,0,0,0,0,0,0,0,0,0,0,0,0,0,0,0,0,0,0,0,0,0,0,0x0,0x0,0x0,0x0,0x0,0x0,0x0,0x0,0x0,0x0,0x0,0x0,0x0,0x0
0,0x267,0x0,0xd2,0x41,0x0,0x0,0,0x0,0,0,0,0,0,0,0,0,0,0,0,0,0,0,0,0,0,0,0,0,0,0,0,0,0x0,0x0,0x0,0x0,0x0,0x0,0x0,0x0,0x0,0x0,0x0,0x0,0x0,0x0
0,0x267,0x0,0xd3,0x41,0x0,0x0,0,0x0,0,0,0,0,0,0,0,0,0,0,0,0,0,0,0,0,0,0,0,0,0,0,0,0,0x0,0x0,0x0,0x0,0x0,0x0,0x0,0x0,0x0,0x0,0x0,0x0,0x0,0x0
0,0x267,0x0,0xd4,0x41,0x0,0x0,0,0x0,0,0,0,0,0,0,0,0,0,0,0,0,0,0,0,0,0,0,0,0,0,0,0,0,0x0,0x0,0x0,0x0,0x0,0x0,0x0,0x0,0x0,0x0,0x0,0x0,0x0,0x0
0,0x267,0x0,0xd5,0x41,0x0,0x0,0,0x0,0,0,0,0,0,0,0,0,0,0,0,0,0,0,0,0,0,0,0,0,0,0,0,0,0x0,0x0,0x0,0x0,0x0,0x0,0x0,0x0,0x0,0x0,0x0,0x0,0x0,0x0
0,0x267,0x0,0xd6,0x41,0x0,0x0,0,0x0,0,0,0,0,0,0,0,0,0,0,0,0,0,0,0,0,0,0,0,0,0,0,0,0,0x0,0x0,0x0,0x0,0x0,0x0,0x0,0x0,0x0,0x0,0x0,0x0,0x0,0x0
0,0x267,0x0,0xd7,0x41,0x0,0x0,0,0x0,0,0,0,0,0,0,0,0,0,0,0,0,0,0,0,0,0,0,0,0,0,0,0,0,0x0,0x0,0x0,0x0,0x0,0x0,0x0,0x0,0x0,0x0,0x0,0x0,0x0,0x0
0,0x267,0x0,0xd8,0x41,0x0,0x0,0,0x0,0,0,0,0,0,0,0,0,0,0,0,0,0,0,0,0,0,0,0,0,0,0,0,0,0x0,0x0,0x0,0x0,0x0,0x0,0x0,0x0,0x0,0x0,0x0,0x0,0x0,0x0
0,0x267,0x0,0xd9,0x41,0x0,0x0,0,0x0,0,0,0,0,0,0,0,0,0,0,0,0,0,0,0,0,0,0,0,0,0,0,0,0,0x0,0x0,0x0,0x0,0x0,0x0,0x0,0x0,0x0,0x0,0x0,0x0,0x0,0x0
0,0x267,0x0,0xda,0x41,0x0,0x0,0,0x0,0,0,0,0,0,0,0,0,0,0,0,0,0,0,0,0,0,0,0,0,0,0,0,0,0x0,0x0,0x0,0x0,0x0,0x0,0x0,0x0,0x0,0x0,0x0,0x0,0x0,0x0
0,0x267,0x0,0xdb,0x41,0x0,0x0,0,0x0,0,0,0,0,0,0,0,0,0,0,0,0,0,0,0,0,0,0,0,0,0,0,0,0,0x0,0x0,0x0,0x0,0x0,0x0,0x0,0x0,0x0,0x0,0x0,0x0,0x0,0x0
0,0x267,0x0,0xdc,0x41,0x0,0x0,0,0x0,0,0,0,0,0,0,0,0,0,0,0,0,0,0,0,0,0,0,0,0,0,0,0,0,0x0,0x0,0x0,0x0,0x0,0x0,0x0,0x0,0x0,0x0,0x0,0x0,0x0,0x0
0,0x267,0x0,0xdd,0x41,0x0,0x0,0,0x0,0,0,0,0,0,0,0,0,0,0,0,0,0,0,0,0,0,0,0,0,0,0,0,0,0x0,0x0,0x0,0x0,0x0,0x0,0x0,0x0,0x0,0x0,0x0,0x0,0x0,0x0
0,0x267,0x0,0xde,0x41,0x0,0x0,0,0x0,0,0,0,0,0,0,0,0,0,0,0,0,0,0,0,0,0,0,0,0,0,0,0,0,0x0,0x0,0x0,0x0,0x0,0x0,0x0,0x0,0x0,0x0,0x0,0x0,0x0,0x0
0,0x267,0x0,0xdf,0x41,0x0,0x0,0,0x0,0,0,0,0,0,0,0,0,0,0,0,0,0,0,0,0,0,0,0,0,0,0,0,0,0x0,0x0,0x0,0x0,0x0,0x0,0x0,0x0,0x0,0x0,0x0,0x0,0x0,0x0
0,0x267,0x0,0xe0,0x41,0x0,0x0,0,0x0,0,0,0,0,0,0,0,0,0,0,0,0,0,0,0,0,0,0,0,0,0,0,0,0,0x0,0x0,0x0,0x0,0x0,0x0,0x0,0x0,0x0,0x0,0x0,0x0,0x0,0x0
0,0x267,0x0,0xe1,0x41,0x0,0x0,0,0x0,0,0,0,0,0,0,0,0,0,0,0,0,0,0,0,0,0,0,0,0,0,0,0,0,0x0,0x0,0x0,0x0,0x0,0x0,0x0,0x0,0x0,0x0,0x0,0x0,0x0,0x0
0,0x267,0x0,0xe2,0x41,0x0,0x0,0,0x0,0,0,0,0,0,0,0,0,0,0,0,0,0,0,0,0,0,0,0,0,0,0,0,0,0x0,0x0,0x0,0x0,0x0,0x0,0x0,0x0,0x0,0x0,0x0,0x0,0x0,0x0
0,0x267,0x0,0xe3,0x41,0x0,0x0,0,0x0,0,0,0,0,0,0,0,0,0,0,0,0,0,0,0,0,0,0,0,0,0,0,0,0,0x0,0x0,0x0,0x0,0x0,0x0,0x0,0x0,0x0,0x0,0x0,0x0,0x0,0x0
0,0x267,0x0,0xe4,0x41,0x0,0x0,0,0x0,0,0,0,0,0,0,0,0,0,0,0,0,0,0,0,0,0,0,0,0,0,0,0,0,0x0,0x0,0x0,0x0,0x0,0x0,0x0,0x0,0x0,0x0,0x0,0x0,0x0,0x0
0,0x267,0x0,0xe5,0x41,0x0,0x0,0,0x0,0,0,0,0,0,0,0,0,0,0,0,0,0,0,0,0,0,0,0,0,0,0,0,0,0x0,0x0,0x0,0x0,0x0,0x0,0x0,0x0,0x0,0x0,0x0,0x0,0x0,0x0
0,0x267,0x0,0xe6,0x41,0x0,0x0,0,0x0,0,0,0,0,0,0,0,0,0,0,0,0,0,0,0,0,0,0,0,0,0,0,0,0,0x0,0x0,0x0,0x0,0x0,0x0,0x0,0x0,0x0,0x0,0x0,0x0,0x0,0x0
0,0x267,0x0,0xe7,0x41,0x0,0x0,0,0x0,0,0,0,0,0,0,0,0,0,0,0,0,0,0,0,0,0,0,0,0,0,0,0,0,0x0,0x0,0x0,0x0,0x0,0x0,0x0,0x0,0x0,0x0,0x0,0x0,0x0,0x0
0,0x267,0x0,0xe8,0x41,0x0,0x0,0,0x0,0,0,0,0,0,0,0,0,0,0,0,0,0,0,0,0,0,0,0,0,0,0,0,0,0x0,0x0,0x0,0x0,0x0,0x0,0x0,0x0,0x0,0x0,0x0,0x0,0x0,0x0
0,0x267,0x0,0xe9,0x41,0x0,0x0,0,0x0,0,0,0,0,0,0,0,0,0,0,0,0,0,0,0,0,0,0,0,0,0,0,0,0,0x0,0x0,0x0,0x0,0x0,0x0,0x0,0x0,0x0,0x0,0x0,0x0,0x0,0x0
0,0x267,0x0,0xea,0x41,0x0,0x0,0,0x0,0,0,0,0,0,0,0,0,0,0,0,0,0,0,0,0,0,0,0,0,0,0,0,0,0x0,0x0,0x0,0x0,0x0,0x0,0x0,0x0,0x0,0x0,0x0,0x0,0x0,0x0
0,0x267,0x0,0xeb,0x41,0x0,0x0,0,0x0,0,0,0,0,0,0,0,0,0,0,0,0,0,0,0,0,0,0,0,0,0,0,0,0,0x0,0x0,0x0,0x0,0x0,0x0,0x0,0x0,0x0,0x0,0x0,0x0,0x0,0x0
0,0x267,0x0,0xec,0x41,0x0,0x0,0,0x0,0,0,0,0,0,0,0,0,0,0,0,0,0,0,0,0,0,0,0,0,0,0,0,0,0x0,0x0,0x0,0x0,0x0,0x0,0x0,0x0,0x0,0x0,0x0,0x0,0x0,0x0
0,0x267,0x0,0xed,0x41,0x0,0x0,0,0x0,0,0,0,0,0,0,0,0,0,0,0,0,0,0,0,0,0,0,0,0,0,0,0,0,0x0,0x0,0x0,0x0,0x0,0x0,0x0,0x0,0x0,0x0,0x0,0x0,0x0,0x0
0,0x267,0x0,0xee,0x41,0x0,0x0,0,0x0,0,0,0,0,0,0,0,0,0,0,0,0,0,0,0,0,0,0,0,0,0,0,0,0,0x0,0x0,0x0,0x0,0x0,0x0,0x0,0x0,0x0,0x0,0x0,0x0,0x0,0x0
0,0x267,0x0,0xef,0x41,0x0,0x0,0,0x0,0,0,0,0,0,0,0,0,0,0,0,0,0,0,0,0,0,0,0,0,0,0,0,0,0x0,0x0,0x0,0x0,0x0,0x0,0x0,0x0,0x0,0x0,0x0,0x0,0x0,0x0
0,0x267,0x0,0xf0,0x41,0x0,0x0,0,0x0,0,0,0,0,0,0,0,0,0,0,0,0,0,0,0,0,0,0,0,0,0,0,0,0,0x0,0x0,0x0,0x0,0x0,0x0,0x0,0x0,0x0,0x0,0x0,0x0,0x0,0x0
0,0x267,0x0,0xf1,0x41,0x0,0x0,0,0x0,0,0,0,0,0,0,0,0,0,0,0,0,0,0,0,0,0,0,0,0,0,0,0,0,0x0,0x0,0x0,0x0,0x0,0x0,0x0,0x0,0x0,0x0,0x0,0x0,0x0,0x0
0,0x267,0x0,0xf2,0x41,0x0,0x0,0,0x0,0,0,0,0,0,0,0,0,0,0,0,0,0,0,0,0,0,0,0,0,0,0,0,0,0x0,0x0,0x0,0x0,0x0,0x0,0x0,0x0,0x0,0x0,0x0,0x0,0x0,0x0
0,0x267,0x0,0xf3,0x41,0x0,0x0,0,0x0,0,0,0,0,0,0,0,0,0,0,0,0,0,0,0,0,0,0,0,0,0,0,0,0,0x0,0x0,0x0,0x0,0x0,0x0,0x0,0x0,0x0,0x0,0x0,0x0,0x0,0x0
0,0x266,0x2bd,0xf4,0x6d,0x0,0x5,0,0x0,1,0,0,0,0,2,0,0,0,0,0,0,0,0,0,0,0,85,25,60,10,15,15,25,0x0,0x0,0x0,0x0,0x0,0x0,0x0,0x0,0x0,0x0,0x0,0x0,0x0,0x0
0,0x266,0x2bd,0xf5,0x6e,0x0,0x5,0,0x0,1,0,0,0,0,2,0,0,0,0,0,0,0,0,0,0,0,85,25,60,10,15,15,25,0x0,0x0,0x0,0x0,0x0,0x0,0x40,0x0,0x0,0x0,0x0,0x0,0x0,0x0
Ch15 Allies,Ch15AllyName,Ch15AllyDesc,0xf6,0x6f,0x0,0x5,0,0x0,1,0,0,0,0,2,0,0,0,0,0,0,0,0,0,0,0,85,25,60,10,15,15,25,0x0,0x0,0x0,0x0,0x0,0x0,0x0,0x0,0x0,0x0,0x0,0x0,0x0,0x0
0,0x266,0x2bd,0xf7,0x70,0x0,0x5,0,0x0,1,0,0,0,0,2,0,0,0,0,0,0,0,0,0,0,0,85,25,60,10,15,15,25,0x0,0x0,0x0,0x0,0x0,0x0,0x40,0x0,0x0,0x0,0x0,0x0,0x0,0x0
0,0x266,0x2bd,0xf8,0x6d,0x0,0x5,0,0x0,1,0,0,0,0,2,0,0,0,0,0,0,0,0,0,0,0,85,25,60,10,15,15,25,0x0,0x0,0x0,0x0,0x0,0x0,0x0,0x0,0x0,0x0,0x0,0x0,0x0,0x0
0,0x265,0x2bc,0xf9,0x6e,0x0,0x5,0,0x0,1,0,0,0,0,2,0,0,0,0,0,0,0,0,0,0,0,85,25,60,10,15,15,25,0x0,0x0,0x0,0x0,0x0,0x0,0x40,0x0,0x0,0x0,0x0,0x0,0x0,0x0
0,0x265,0x2bc,0xfa,0x71,0x0,0x5,0,0x0,1,0,0,0,0,2,0,0,0,0,0,0,0,0,0,0,0,85,25,60,10,15,15,25,0x0,0x0,0x0,0x0,0x0,0x0,0x0,0x0,0x0,0x0,0x0,0x0,0x0,0x0
0,0x265,0x2bc,0xfb,0x72,0x0,0x5,0,0x0,1,0,0,0,0,2,0,0,0,0,0,0,0,0,0,0,0,85,25,60,10,15,15,25,0x0,0x0,0x0,0x0,0x0,0x0,0x40,0x0,0x0,0x0,0x0,0x0,0x0,0x0
0,0x264,0x0,0xfc,0x71,0x0,0x5,0,0x0,1,0,0,0,0,2,0,0,0,0,0,0,0,0,0,0,0,85,25,60,10,15,15,25,0x0,0x0,0x0,0x0,0x0,0x0,0x0,0x0,0x0,0x0,0x3,0x0,0x0,0x0
0,0x267,0x0,0xfd,0x41,0x0,0x0,0,0x0,0,0,0,0,0,0,0,0,0,0,0,0,0,0,0,0,0,0,0,0,0,0,0,0,0x0,0x0,0x0,0x0,0x0,0x0,0x0,0x0,0x0,0x0,0x0,0x0,0x0,0x0
0,0x268,0x0,0xfe,0x41,0x0,0x0,0,0x0,0,0,0,0,0,0,0,0,0,0,0,0,0,0,0,0,0,0,0,0,0,0,0,0,0x0,0x0,0x0,0x0,0x0,0x0,0x0,0x0,0x0,0x0,0x0,0x0,0x0,0x0
0,0x269,0x0,0xff,0x41,0x0,0x0,0,0x0,0,0,0,0,0,0,0,0,0,0,0,0,0,0,0,0,0,0,0,0,0,0,0,0,0x0,0x0,0x0,0x0,0x0,0x0,0x0,0x0,0x0,0x0,0x0,0x0,0x0,0x0
